price,symboling,normalized-losses,make,fuel-type,aspiration,num-of-doors,body-style,drive-wheels,engine-location,wheel-base,length,width,height,curb-weight,engine-type,num-of-cylinders,engine-size,fuel-system,bore,stroke,compression-ratio,horsepower,peak-rpm,city-mpg,highway-mpg,avg_mpg,footprint,price_per_hp,hp_per_1000usd,power_density,weight_per_hp,segment,price_band,price_decile_label,source_status,outlier_review_status,imputed_columns,imputed_count,make_group
13495.0,3,119.0,alfa-romero,gas,std,two,convertible,rwd,front,88.6,168.8,64.1,48.8,2548,dohc,four,130,mpfi,3.47,2.68,9.0,111.0,5000.0,21,27,24.0,10820.08,121.57657657657657,8.22526861800667,0.8538461538461538,22.954954954954953,Balanced Core,"(12350.0, 15208.0]","(12350.0, 15208.0]",original_record_retained,reviewed_valid_retained,normalized-losses,1,other
16500.0,3,119.0,alfa-romero,gas,std,two,convertible,rwd,front,88.6,168.8,64.1,48.8,2548,dohc,four,130,mpfi,3.47,2.68,9.0,111.0,5000.0,21,27,24.0,10820.08,148.64864864864865,6.7272727272727275,0.8538461538461538,22.954954954954953,Balanced Core,"(15208.0, 17249.2]","(15208.0, 17249.2]",original_record_retained,reviewed_valid_retained,normalized-losses,1,other
16500.0,1,119.0,alfa-romero,gas,std,two,hatchback,rwd,front,94.5,171.2,65.5,52.4,2823,ohcv,six,152,mpfi,2.68,3.47,9.0,154.0,5000.0,19,26,22.5,11213.599999999999,107.14285714285714,9.333333333333334,1.013157894736842,18.33116883116883,Premium Performance,"(15208.0, 17249.2]","(15208.0, 17249.2]",original_record_retained,reviewed_valid_retained,normalized-losses,1,other
13950.0,2,164.0,audi,gas,std,four,sedan,fwd,front,99.8,176.6,66.2,54.3,2337,ohc,four,109,mpfi,3.19,3.4,10.0,102.0,5500.0,24,30,27.0,11690.92,136.76470588235293,7.311827956989247,0.9357798165137615,22.91176470588235,Balanced Core,"(12350.0, 15208.0]","(12350.0, 15208.0]",original_record_retained,reviewed_valid_retained,none,0,other
17450.0,2,164.0,audi,gas,std,four,sedan,4wd,front,99.4,176.6,66.4,54.3,2824,ohc,five,136,mpfi,3.19,3.4,8.0,115.0,5500.0,18,22,20.0,11726.24,151.7391304347826,6.590257879656161,0.8455882352941176,24.556521739130435,Balanced Core,"(17249.2, 22289.2]","(17249.2, 22289.2]",original_record_retained,reviewed_valid_retained,none,0,other
15250.0,2,161.0,audi,gas,std,two,sedan,fwd,front,99.8,177.3,66.3,53.1,2507,ohc,five,136,mpfi,3.19,3.4,8.5,110.0,5500.0,19,25,22.0,11754.99,138.63636363636363,7.213114754098361,0.8088235294117647,22.79090909090909,Balanced Core,"(15208.0, 17249.2]","(15208.0, 17249.2]",original_record_retained,reviewed_valid_retained,normalized-losses,1,other
17710.0,1,158.0,audi,gas,std,four,sedan,fwd,front,105.8,192.7,71.4,55.7,2844,ohc,five,136,mpfi,3.19,3.4,8.5,110.0,5500.0,19,25,22.0,13758.78,161.0,6.211180124223602,0.8088235294117647,25.854545454545455,Balanced Core,"(17249.2, 22289.2]","(17249.2, 22289.2]",original_record_retained,reviewed_valid_retained,none,0,other
18920.0,1,161.0,audi,gas,std,four,wagon,fwd,front,105.8,192.7,71.4,55.7,2954,ohc,five,136,mpfi,3.19,3.4,8.5,110.0,5500.0,19,25,22.0,13758.78,172.0,5.813953488372093,0.8088235294117647,26.854545454545455,Balanced Core,"(17249.2, 22289.2]","(17249.2, 22289.2]",original_record_retained,reviewed_valid_retained,normalized-losses,1,other
23875.0,1,158.0,audi,gas,turbo,four,sedan,fwd,front,105.8,192.7,71.4,55.9,3086,ohc,five,131,mpfi,3.13,3.4,8.3,140.0,5500.0,17,20,18.5,13758.78,170.53571428571428,5.863874345549738,1.0687022900763359,22.042857142857144,Premium Performance,"(22289.2, 45400.0]","(22289.2, 45400.0]",original_record_retained,reviewed_valid_retained,none,0,other
10295.0,0,161.0,audi,gas,turbo,two,hatchback,4wd,front,99.5,178.2,67.9,52.0,3053,ohc,five,131,mpfi,3.13,3.4,7.0,160.0,5500.0,16,22,19.0,12099.78,64.34375,15.541525012141816,1.2213740458015268,19.08125,Balanced Core,"(9036.6, 10295.0]","(9036.6, 10295.0]",original_record_retained,reviewed_valid_retained,"price, normalized-losses",2,other
16430.0,2,192.0,bmw,gas,std,two,sedan,rwd,front,101.2,176.8,64.8,54.3,2395,ohc,four,108,mpfi,3.5,2.8,8.8,101.0,5800.0,23,29,26.0,11456.64,162.67326732673268,6.1472915398660986,0.9351851851851852,23.712871287128714,Balanced Core,"(15208.0, 17249.2]","(15208.0, 17249.2]",original_record_retained,reviewed_valid_retained,none,0,other
16925.0,0,192.0,bmw,gas,std,four,sedan,rwd,front,101.2,176.8,64.8,54.3,2395,ohc,four,108,mpfi,3.5,2.8,8.8,101.0,5800.0,23,29,26.0,11456.64,167.5742574257426,5.967503692762186,0.9351851851851852,23.712871287128714,Balanced Core,"(15208.0, 17249.2]","(15208.0, 17249.2]",original_record_retained,reviewed_valid_retained,none,0,other
20970.0,0,188.0,bmw,gas,std,two,sedan,rwd,front,101.2,176.8,64.8,54.3,2710,ohc,six,164,mpfi,3.31,3.19,9.0,121.0,4250.0,21,28,24.5,11456.64,173.30578512396696,5.770147830233667,0.7378048780487805,22.39669421487603,Premium Performance,"(17249.2, 22289.2]","(17249.2, 22289.2]",original_record_retained,reviewed_valid_retained,none,0,other
21105.0,0,188.0,bmw,gas,std,four,sedan,rwd,front,101.2,176.8,64.8,54.3,2765,ohc,six,164,mpfi,3.31,3.19,9.0,121.0,4250.0,21,28,24.5,11456.64,174.4214876033058,5.7332385690594645,0.7378048780487805,22.85123966942149,Premium Performance,"(17249.2, 22289.2]","(17249.2, 22289.2]",original_record_retained,reviewed_valid_retained,none,0,other
24565.0,1,190.0,bmw,gas,std,four,sedan,rwd,front,103.5,189.0,66.9,55.7,3055,ohc,six,164,mpfi,3.31,3.19,9.0,121.0,4250.0,20,25,22.5,12644.1,203.01652892561984,4.925707307144311,0.7378048780487805,25.24793388429752,Premium Performance,"(22289.2, 45400.0]","(22289.2, 45400.0]",original_record_retained,reviewed_valid_retained,normalized-losses,1,other
30760.0,0,190.0,bmw,gas,std,four,sedan,rwd,front,103.5,189.0,66.9,55.7,3230,ohc,six,209,mpfi,3.62,3.39,8.0,182.0,5400.0,16,22,19.0,12644.1,169.01098901098902,5.916775032509753,0.8708133971291866,17.747252747252748,Premium Performance,"(22289.2, 45400.0]","(22289.2, 45400.0]",original_record_retained,reviewed_valid_retained,normalized-losses,1,other
41315.0,0,190.0,bmw,gas,std,two,sedan,rwd,front,103.5,193.8,67.9,53.7,3380,ohc,six,209,mpfi,3.62,3.39,8.0,182.0,5400.0,16,22,19.0,13159.020000000002,227.0054945054945,4.405179716809876,0.8708133971291866,18.571428571428573,Premium Performance,"(22289.2, 45400.0]","(22289.2, 45400.0]",original_record_retained,reviewed_valid_retained,normalized-losses,1,other
36880.0,0,190.0,bmw,gas,std,four,sedan,rwd,front,110.0,197.0,70.9,56.3,3505,ohc,six,209,mpfi,3.62,3.39,8.0,182.0,5400.0,15,20,17.5,13967.300000000001,202.63736263736263,4.934924078091106,0.8708133971291866,19.25824175824176,Premium Performance,"(22289.2, 45400.0]","(22289.2, 45400.0]",original_record_retained,reviewed_valid_retained,normalized-losses,1,other
5151.0,2,121.0,chevrolet,gas,std,two,hatchback,fwd,front,88.4,141.1,60.3,53.2,1488,l,three,61,2bbl,2.91,3.03,9.5,48.0,5100.0,47,53,50.0,8508.33,107.3125,9.318578916715202,0.7868852459016393,31.0,Value Efficiency,"(5117.999, 6657.0]","(5117.999, 6657.0]",original_record_retained,reviewed_valid_retained,none,0,other
6295.0,1,98.0,chevrolet,gas,std,two,hatchback,fwd,front,94.5,155.9,63.6,52.0,1874,ohc,four,90,2bbl,3.03,3.11,9.6,70.0,5400.0,38,43,40.5,9915.24,89.92857142857143,11.119936457505958,0.7777777777777778,26.771428571428572,Value Efficiency,"(5117.999, 6657.0]","(5117.999, 6657.0]",original_record_retained,reviewed_valid_retained,none,0,other
6575.0,0,81.0,chevrolet,gas,std,four,sedan,fwd,front,94.5,158.8,63.6,52.0,1909,ohc,four,90,2bbl,3.03,3.11,9.6,70.0,5400.0,38,43,40.5,10099.68,93.92857142857143,10.64638783269962,0.7777777777777778,27.271428571428572,Value Efficiency,"(5117.999, 6657.0]","(5117.999, 6657.0]",original_record_retained,reviewed_valid_retained,none,0,other
5572.0,1,118.0,dodge,gas,std,two,hatchback,fwd,front,93.7,157.3,63.8,50.8,1876,ohc,four,90,2bbl,2.97,3.23,9.41,68.0,5500.0,37,41,39.0,10035.74,81.94117647058823,12.203876525484565,0.7555555555555555,27.58823529411765,Value Efficiency,"(5117.999, 6657.0]","(5117.999, 6657.0]",original_record_retained,reviewed_valid_retained,none,0,other
6377.0,1,118.0,dodge,gas,std,two,hatchback,fwd,front,93.7,157.3,63.8,50.8,1876,ohc,four,90,2bbl,2.97,3.23,9.4,68.0,5500.0,31,38,34.5,10035.74,93.77941176470588,10.663321310961267,0.7555555555555555,27.58823529411765,Value Efficiency,"(5117.999, 6657.0]","(5117.999, 6657.0]",original_record_retained,reviewed_valid_retained,none,0,other
7957.0,1,118.0,dodge,gas,turbo,two,hatchback,fwd,front,93.7,157.3,63.8,50.8,2128,ohc,four,98,mpfi,3.03,3.39,7.6,102.0,5500.0,24,30,27.0,10035.74,78.00980392156863,12.818901596078925,1.0408163265306123,20.862745098039216,Budget Practical,"(7298.2, 7995.8]","(7298.2, 7995.8]",original_record_retained,reviewed_valid_retained,none,0,other
6229.0,1,148.0,dodge,gas,std,four,hatchback,fwd,front,93.7,157.3,63.8,50.6,1967,ohc,four,90,2bbl,2.97,3.23,9.4,68.0,5500.0,31,38,34.5,10035.74,91.6029411764706,10.916680044951036,0.7555555555555555,28.926470588235293,Value Efficiency,"(5117.999, 6657.0]","(5117.999, 6657.0]",original_record_retained,reviewed_valid_retained,none,0,other
6692.0,1,148.0,dodge,gas,std,four,sedan,fwd,front,93.7,157.3,63.8,50.6,1989,ohc,four,90,2bbl,2.97,3.23,9.4,68.0,5500.0,31,38,34.5,10035.74,98.41176470588235,10.161386730424388,0.7555555555555555,29.25,Value Efficiency,"(6657.0, 7298.2]","(6657.0, 7298.2]",original_record_retained,reviewed_valid_retained,none,0,other
7609.0,1,148.0,dodge,gas,std,four,sedan,fwd,front,93.7,157.3,63.8,50.6,1989,ohc,four,90,2bbl,2.97,3.23,9.4,68.0,5500.0,31,38,34.5,10035.74,111.8970588235294,8.936785385727429,0.7555555555555555,29.25,Value Efficiency,"(7298.2, 7995.8]","(7298.2, 7995.8]",original_record_retained,reviewed_valid_retained,none,0,other
8558.0,1,148.0,dodge,gas,turbo,four,sedan,fwd,front,93.7,157.3,63.8,50.6,2191,ohc,four,98,mpfi,3.03,3.39,7.6,102.0,5500.0,24,30,27.0,10035.74,83.90196078431373,11.91867258705305,1.0408163265306123,21.480392156862745,Budget Practical,"(7995.8, 9036.6]","(7995.8, 9036.6]",original_record_retained,reviewed_valid_retained,num-of-doors,1,other
8921.0,-1,110.0,dodge,gas,std,four,wagon,fwd,front,103.3,174.6,64.6,59.8,2535,ohc,four,122,2bbl,3.34,3.46,8.5,88.0,5000.0,24,30,27.0,11279.159999999998,101.375,9.864364981504316,0.7213114754098361,28.806818181818183,Budget Practical,"(7995.8, 9036.6]","(7995.8, 9036.6]",original_record_retained,reviewed_valid_retained,none,0,other
12964.0,3,145.0,dodge,gas,turbo,two,hatchback,fwd,front,95.9,173.2,66.3,50.2,2811,ohc,four,156,mfi,3.6,3.9,7.0,145.0,5000.0,19,24,21.5,11483.159999999998,89.40689655172413,11.184819500154273,0.9294871794871795,19.386206896551723,Balanced Core,"(12350.0, 15208.0]","(12350.0, 15208.0]",original_record_retained,reviewed_valid_retained,none,0,other
6479.0,2,137.0,honda,gas,std,two,hatchback,fwd,front,86.6,144.6,63.9,50.8,1713,ohc,four,92,1bbl,2.91,3.41,9.6,58.0,4800.0,49,54,51.5,9239.939999999999,111.70689655172414,8.95199876524155,0.6304347826086957,29.53448275862069,Value Efficiency,"(5117.999, 6657.0]","(5117.999, 6657.0]",original_record_retained,reviewed_valid_retained,none,0,honda
6855.0,2,137.0,honda,gas,std,two,hatchback,fwd,front,86.6,144.6,63.9,50.8,1819,ohc,four,92,1bbl,2.91,3.41,9.2,76.0,6000.0,31,38,34.5,9239.939999999999,90.19736842105263,11.086797957695113,0.8260869565217391,23.93421052631579,Value Efficiency,"(6657.0, 7298.2]","(6657.0, 7298.2]",original_record_retained,reviewed_valid_retained,none,0,honda
5399.0,1,101.0,honda,gas,std,two,hatchback,fwd,front,93.7,150.0,64.0,52.6,1837,ohc,four,79,1bbl,2.91,3.07,10.1,60.0,5500.0,38,42,40.0,9600.0,89.98333333333333,11.113169105389886,0.759493670886076,30.616666666666667,Value Efficiency,"(5117.999, 6657.0]","(5117.999, 6657.0]",original_record_retained,reviewed_valid_retained,none,0,honda
6529.0,1,101.0,honda,gas,std,two,hatchback,fwd,front,93.7,150.0,64.0,52.6,1940,ohc,four,92,1bbl,2.91,3.41,9.2,76.0,6000.0,30,34,32.0,9600.0,85.90789473684211,11.640373717261449,0.8260869565217391,25.526315789473685,Value Efficiency,"(5117.999, 6657.0]","(5117.999, 6657.0]",original_record_retained,reviewed_valid_retained,none,0,honda
7129.0,1,101.0,honda,gas,std,two,hatchback,fwd,front,93.7,150.0,64.0,52.6,1956,ohc,four,92,1bbl,2.91,3.41,9.2,76.0,6000.0,30,34,32.0,9600.0,93.80263157894737,10.660681722541732,0.8260869565217391,25.736842105263158,Value Efficiency,"(6657.0, 7298.2]","(6657.0, 7298.2]",original_record_retained,reviewed_valid_retained,none,0,honda
7295.0,0,110.0,honda,gas,std,four,sedan,fwd,front,96.5,163.4,64.0,54.5,2010,ohc,four,92,1bbl,2.91,3.41,9.2,76.0,6000.0,30,34,32.0,10457.6,95.98684210526316,10.418094585332419,0.8260869565217391,26.44736842105263,Value Efficiency,"(6657.0, 7298.2]","(6657.0, 7298.2]",original_record_retained,reviewed_valid_retained,none,0,honda
7295.0,0,78.0,honda,gas,std,four,wagon,fwd,front,96.5,157.1,63.9,58.3,2024,ohc,four,92,1bbl,2.92,3.41,9.2,76.0,6000.0,30,34,32.0,10038.689999999999,95.98684210526316,10.418094585332419,0.8260869565217391,26.63157894736842,Value Efficiency,"(6657.0, 7298.2]","(6657.0, 7298.2]",original_record_retained,reviewed_valid_retained,none,0,honda
7895.0,0,106.0,honda,gas,std,two,hatchback,fwd,front,96.5,167.5,65.2,53.3,2236,ohc,four,110,1bbl,3.15,3.58,9.0,86.0,5800.0,27,33,30.0,10921.0,91.80232558139535,10.892970234325523,0.7818181818181819,26.0,Budget Practical,"(7298.2, 7995.8]","(7298.2, 7995.8]",original_record_retained,reviewed_valid_retained,none,0,honda
9095.0,0,106.0,honda,gas,std,two,hatchback,fwd,front,96.5,167.5,65.2,53.3,2289,ohc,four,110,1bbl,3.15,3.58,9.0,86.0,5800.0,27,33,30.0,10921.0,105.75581395348837,9.455744914788346,0.7818181818181819,26.61627906976744,Budget Practical,"(9036.6, 10295.0]","(9036.6, 10295.0]",original_record_retained,reviewed_valid_retained,none,0,honda
8845.0,0,85.0,honda,gas,std,four,sedan,fwd,front,96.5,175.4,65.2,54.1,2304,ohc,four,110,1bbl,3.15,3.58,9.0,86.0,5800.0,27,33,30.0,11436.080000000002,102.84883720930233,9.723007348784623,0.7818181818181819,26.790697674418606,Budget Practical,"(7995.8, 9036.6]","(7995.8, 9036.6]",original_record_retained,reviewed_valid_retained,none,0,honda
10295.0,0,85.0,honda,gas,std,four,sedan,fwd,front,96.5,175.4,62.5,54.1,2372,ohc,four,110,1bbl,3.15,3.58,9.0,86.0,5800.0,27,33,30.0,10962.5,119.70930232558139,8.353569694026227,0.7818181818181819,27.58139534883721,Budget Practical,"(9036.6, 10295.0]","(9036.6, 10295.0]",original_record_retained,reviewed_valid_retained,none,0,honda
12945.0,0,85.0,honda,gas,std,four,sedan,fwd,front,96.5,175.4,65.2,54.1,2465,ohc,four,110,mpfi,3.15,3.58,9.0,101.0,5800.0,24,28,26.0,11436.080000000002,128.16831683168317,7.80224024719969,0.9181818181818182,24.405940594059405,Balanced Core,"(12350.0, 15208.0]","(12350.0, 15208.0]",original_record_retained,reviewed_valid_retained,none,0,honda
10345.0,1,107.0,honda,gas,std,two,sedan,fwd,front,96.5,169.1,66.0,51.0,2293,ohc,four,110,2bbl,3.15,3.58,9.1,100.0,5500.0,25,31,28.0,11160.6,103.45,9.666505558240695,0.9090909090909091,22.93,Balanced Core,"(10295.0, 12350.0]","(10295.0, 12350.0]",original_record_retained,reviewed_valid_retained,none,0,honda
6785.0,0,119.0,isuzu,gas,std,four,sedan,rwd,front,94.3,170.7,61.8,53.5,2337,ohc,four,111,2bbl,3.31,3.23,8.5,78.0,4800.0,24,29,26.5,10549.259999999998,86.98717948717949,11.495946941783346,0.7027027027027027,29.96153846153846,Balanced Core,"(6657.0, 7298.2]","(6657.0, 7298.2]",original_record_retained,reviewed_valid_retained,normalized-losses,1,other
6785.0,1,119.0,isuzu,gas,std,two,sedan,fwd,front,94.5,155.9,63.6,52.0,1874,ohc,four,90,2bbl,3.03,3.11,9.6,70.0,5400.0,38,43,40.5,9915.24,96.92857142857143,10.316875460574797,0.7777777777777778,26.771428571428572,Value Efficiency,"(6657.0, 7298.2]","(6657.0, 7298.2]",original_record_retained,reviewed_valid_retained,"price, normalized-losses",2,other
6785.0,0,119.0,isuzu,gas,std,four,sedan,fwd,front,94.5,155.9,63.6,52.0,1909,ohc,four,90,2bbl,3.03,3.11,9.6,70.0,5400.0,38,43,40.5,9915.24,96.92857142857143,10.316875460574797,0.7777777777777778,27.271428571428572,Value Efficiency,"(6657.0, 7298.2]","(6657.0, 7298.2]",original_record_retained,reviewed_valid_retained,"price, normalized-losses",2,other
11048.0,2,119.0,isuzu,gas,std,two,hatchback,rwd,front,96.0,172.6,65.2,51.4,2734,ohc,four,119,spfi,3.43,3.23,9.2,90.0,5000.0,24,29,26.5,11253.52,122.75555555555556,8.146270818247647,0.7563025210084033,30.377777777777776,Balanced Core,"(10295.0, 12350.0]","(10295.0, 12350.0]",original_record_retained,reviewed_valid_retained,normalized-losses,1,other
32250.0,0,145.0,jaguar,gas,std,four,sedan,rwd,front,113.0,199.6,69.6,52.8,4066,dohc,six,258,mpfi,3.63,4.17,8.1,176.0,4750.0,15,19,17.0,13892.159999999998,183.23863636363637,5.457364341085271,0.6821705426356589,23.102272727272727,Premium Performance,"(22289.2, 45400.0]","(22289.2, 45400.0]",original_record_retained,reviewed_valid_retained,none,0,other
35550.0,0,145.0,jaguar,gas,std,four,sedan,rwd,front,113.0,199.6,69.6,52.8,4066,dohc,six,258,mpfi,3.63,4.17,8.1,176.0,4750.0,15,19,17.0,13892.159999999998,201.98863636363637,4.950773558368495,0.6821705426356589,23.102272727272727,Premium Performance,"(22289.2, 45400.0]","(22289.2, 45400.0]",original_record_retained,reviewed_valid_retained,normalized-losses,1,other
36000.0,0,145.0,jaguar,gas,std,two,sedan,rwd,front,102.0,191.7,70.6,47.8,3950,ohcv,twelve,326,mpfi,3.54,2.76,11.5,262.0,5000.0,13,17,15.0,13534.019999999999,137.40458015267177,7.277777777777778,0.803680981595092,15.076335877862595,Premium Performance,"(22289.2, 45400.0]","(22289.2, 45400.0]",original_record_retained,reviewed_valid_retained,normalized-losses,1,other
5195.0,1,104.0,mazda,gas,std,two,hatchback,fwd,front,93.1,159.1,64.2,54.1,1890,ohc,four,91,2bbl,3.03,3.15,9.0,68.0,5000.0,30,31,30.5,10214.22,76.3970588235294,13.089509143407122,0.7472527472527473,27.794117647058822,Budget Practical,"(5117.999, 6657.0]","(5117.999, 6657.0]",original_record_retained,reviewed_valid_retained,none,0,mazda
6095.0,1,104.0,mazda,gas,std,two,hatchback,fwd,front,93.1,159.1,64.2,54.1,1900,ohc,four,91,2bbl,3.03,3.15,9.0,68.0,5000.0,31,38,34.5,10214.22,89.63235294117646,11.156685808039375,0.7472527472527473,27.941176470588236,Value Efficiency,"(5117.999, 6657.0]","(5117.999, 6657.0]",original_record_retained,reviewed_valid_retained,none,0,mazda
6795.0,1,104.0,mazda,gas,std,two,hatchback,fwd,front,93.1,159.1,64.2,54.1,1905,ohc,four,91,2bbl,3.03,3.15,9.0,68.0,5000.0,31,38,34.5,10214.22,99.92647058823529,10.007358351729213,0.7472527472527473,28.014705882352942,Value Efficiency,"(6657.0, 7298.2]","(6657.0, 7298.2]",original_record_retained,reviewed_valid_retained,none,0,mazda
6695.0,1,113.0,mazda,gas,std,four,sedan,fwd,front,93.1,166.8,64.2,54.1,1945,ohc,four,91,2bbl,3.03,3.15,9.0,68.0,5000.0,31,38,34.5,10708.560000000001,98.45588235294117,10.156833457804332,0.7472527472527473,28.602941176470587,Value Efficiency,"(6657.0, 7298.2]","(6657.0, 7298.2]",original_record_retained,reviewed_valid_retained,none,0,mazda
7395.0,1,113.0,mazda,gas,std,four,sedan,fwd,front,93.1,166.8,64.2,54.1,1950,ohc,four,91,2bbl,3.08,3.15,9.0,68.0,5000.0,31,38,34.5,10708.560000000001,108.75,9.195402298850574,0.7472527472527473,28.676470588235293,Value Efficiency,"(7298.2, 7995.8]","(7298.2, 7995.8]",original_record_retained,reviewed_valid_retained,none,0,mazda
10945.0,3,150.0,mazda,gas,std,two,hatchback,rwd,front,95.3,169.0,65.7,49.6,2380,rotor,two,70,4bbl,3.31,3.29,9.4,101.0,6000.0,17,23,20.0,11103.300000000001,108.36633663366337,9.227957971676563,1.4428571428571428,23.564356435643564,Balanced Core,"(10295.0, 12350.0]","(10295.0, 12350.0]",original_record_retained,reviewed_valid_retained,"bore, stroke",2,mazda
11845.0,3,150.0,mazda,gas,std,two,hatchback,rwd,front,95.3,169.0,65.7,49.6,2380,rotor,two,70,4bbl,3.31,3.29,9.4,101.0,6000.0,17,23,20.0,11103.300000000001,117.27722772277228,8.526804558885605,1.4428571428571428,23.564356435643564,Balanced Core,"(10295.0, 12350.0]","(10295.0, 12350.0]",original_record_retained,reviewed_valid_retained,"bore, stroke",2,mazda
13645.0,3,150.0,mazda,gas,std,two,hatchback,rwd,front,95.3,169.0,65.7,49.6,2385,rotor,two,70,4bbl,3.31,3.29,9.4,101.0,6000.0,17,23,20.0,11103.300000000001,135.0990099009901,7.401978746793697,1.4428571428571428,23.613861386138613,Balanced Core,"(12350.0, 15208.0]","(12350.0, 15208.0]",original_record_retained,reviewed_valid_retained,"bore, stroke",2,mazda
15645.0,3,150.0,mazda,gas,std,two,hatchback,rwd,front,95.3,169.0,65.7,49.6,2500,rotor,two,80,mpfi,3.31,3.29,9.4,135.0,6000.0,16,23,19.5,11103.300000000001,115.88888888888889,8.62895493767977,1.6875,18.51851851851852,Balanced Core,"(15208.0, 17249.2]","(15208.0, 17249.2]",original_record_retained,reviewed_valid_retained,"bore, stroke",2,mazda
8845.0,1,129.0,mazda,gas,std,two,hatchback,fwd,front,98.8,177.8,66.5,53.7,2385,ohc,four,122,2bbl,3.39,3.39,8.6,84.0,4800.0,26,32,29.0,11823.7,105.29761904761905,9.496890898812888,0.6885245901639344,28.392857142857142,Budget Practical,"(7995.8, 9036.6]","(7995.8, 9036.6]",original_record_retained,reviewed_valid_retained,none,0,mazda
8495.0,0,115.0,mazda,gas,std,four,sedan,fwd,front,98.8,177.8,66.5,55.5,2410,ohc,four,122,2bbl,3.39,3.39,8.6,84.0,4800.0,26,32,29.0,11823.7,101.13095238095238,9.88816951147734,0.6885245901639344,28.69047619047619,Budget Practical,"(7995.8, 9036.6]","(7995.8, 9036.6]",original_record_retained,reviewed_valid_retained,none,0,mazda
10595.0,1,129.0,mazda,gas,std,two,hatchback,fwd,front,98.8,177.8,66.5,53.7,2385,ohc,four,122,2bbl,3.39,3.39,8.6,84.0,4800.0,26,32,29.0,11823.7,126.13095238095238,7.9282680509674375,0.6885245901639344,28.392857142857142,Balanced Core,"(10295.0, 12350.0]","(10295.0, 12350.0]",original_record_retained,reviewed_valid_retained,none,0,mazda
10245.0,0,115.0,mazda,gas,std,four,sedan,fwd,front,98.8,177.8,66.5,55.5,2410,ohc,four,122,2bbl,3.39,3.39,8.6,84.0,4800.0,26,32,29.0,11823.7,121.96428571428571,8.199121522693998,0.6885245901639344,28.69047619047619,Budget Practical,"(9036.6, 10295.0]","(9036.6, 10295.0]",original_record_retained,reviewed_valid_retained,none,0,mazda
10795.0,0,115.0,mazda,diesel,std,four,sedan,fwd,front,98.8,177.8,66.5,55.5,2443,ohc,four,122,idi,3.39,3.39,22.7,64.0,4650.0,36,42,39.0,11823.7,168.671875,5.928670680870773,0.5245901639344263,38.171875,Balanced Core,"(10295.0, 12350.0]","(10295.0, 12350.0]",original_record_retained,reviewed_valid_retained,"normalized-losses, num-of-doors",2,mazda
11245.0,0,115.0,mazda,gas,std,four,hatchback,fwd,front,98.8,177.8,66.5,55.5,2425,ohc,four,122,2bbl,3.39,3.39,8.6,84.0,4800.0,26,32,29.0,11823.7,133.86904761904762,7.4699866607381065,0.6885245901639344,28.86904761904762,Balanced Core,"(10295.0, 12350.0]","(10295.0, 12350.0]",original_record_retained,reviewed_valid_retained,none,0,mazda
18280.0,0,118.0,mazda,gas,std,four,sedan,rwd,front,104.9,175.0,66.1,54.4,2670,ohc,four,140,mpfi,3.76,3.16,8.0,120.0,5000.0,19,27,23.0,11567.499999999998,152.33333333333334,6.564551422319474,0.8571428571428571,22.25,Premium Performance,"(17249.2, 22289.2]","(17249.2, 22289.2]",original_record_retained,reviewed_valid_retained,none,0,mazda
18344.0,0,115.0,mazda,diesel,std,four,sedan,rwd,front,104.9,175.0,66.1,54.4,2700,ohc,four,134,idi,3.43,3.64,22.0,72.0,4200.0,31,39,35.0,11567.499999999998,254.77777777777777,3.9249890972525074,0.5373134328358209,37.5,Balanced Core,"(17249.2, 22289.2]","(17249.2, 22289.2]",original_record_retained,reviewed_valid_retained,normalized-losses,1,mazda
25552.0,-1,93.0,mercedes-benz,diesel,turbo,four,sedan,rwd,front,110.0,190.9,70.3,56.5,3515,ohc,five,183,idi,3.58,3.64,21.5,123.0,4350.0,22,25,23.5,13420.27,207.739837398374,4.8137132122730115,0.6721311475409836,28.577235772357724,Premium Performance,"(22289.2, 45400.0]","(22289.2, 45400.0]",original_record_retained,reviewed_valid_retained,none,0,other
28248.0,-1,93.0,mercedes-benz,diesel,turbo,four,wagon,rwd,front,110.0,190.9,70.3,58.7,3750,ohc,five,183,idi,3.58,3.64,21.5,123.0,4350.0,22,25,23.5,13420.27,229.65853658536585,4.35429056924384,0.6721311475409836,30.48780487804878,Premium Performance,"(22289.2, 45400.0]","(22289.2, 45400.0]",original_record_retained,reviewed_valid_retained,none,0,other
28176.0,0,93.0,mercedes-benz,diesel,turbo,two,hardtop,rwd,front,106.7,187.5,70.3,54.9,3495,ohc,five,183,idi,3.58,3.64,21.5,123.0,4350.0,22,25,23.5,13181.25,229.0731707317073,4.3654173764906306,0.6721311475409836,28.414634146341463,Premium Performance,"(22289.2, 45400.0]","(22289.2, 45400.0]",original_record_retained,reviewed_valid_retained,none,0,other
31600.0,-1,93.0,mercedes-benz,diesel,turbo,four,sedan,rwd,front,115.6,202.6,71.7,56.3,3770,ohc,five,183,idi,3.58,3.64,21.5,123.0,4350.0,22,25,23.5,14526.42,256.9105691056911,3.892405063291139,0.6721311475409836,30.650406504065042,Premium Performance,"(22289.2, 45400.0]","(22289.2, 45400.0]",original_record_retained,reviewed_valid_retained,none,0,other
34184.0,-1,93.0,mercedes-benz,gas,std,four,sedan,rwd,front,115.6,202.6,71.7,56.5,3740,ohcv,eight,234,mpfi,3.46,3.1,8.3,155.0,4750.0,16,18,17.0,14526.42,220.54193548387096,4.534285045635385,0.6623931623931624,24.129032258064516,Premium Performance,"(22289.2, 45400.0]","(22289.2, 45400.0]",original_record_retained,reviewed_valid_retained,normalized-losses,1,other
35056.0,3,142.0,mercedes-benz,gas,std,two,convertible,rwd,front,96.6,180.3,70.5,50.8,3685,ohcv,eight,234,mpfi,3.46,3.1,8.3,155.0,4750.0,16,18,17.0,12711.150000000001,226.16774193548386,4.42149703331812,0.6623931623931624,23.774193548387096,Premium Performance,"(22289.2, 45400.0]","(22289.2, 45400.0]",original_record_retained,reviewed_valid_retained,none,0,other
40960.0,0,93.0,mercedes-benz,gas,std,four,sedan,rwd,front,120.9,208.1,71.7,56.7,3900,ohcv,eight,308,mpfi,3.8,3.35,8.0,184.0,4500.0,14,16,15.0,14920.77,222.6086956521739,4.4921875,0.5974025974025974,21.195652173913043,Premium Performance,"(22289.2, 45400.0]","(22289.2, 45400.0]",original_record_retained,reviewed_valid_retained,normalized-losses,1,other
45400.0,1,93.0,mercedes-benz,gas,std,two,hardtop,rwd,front,112.0,199.2,72.0,55.4,3715,ohcv,eight,304,mpfi,3.8,3.35,8.0,184.0,4500.0,14,16,15.0,14342.4,246.7391304347826,4.0528634361233475,0.6052631578947368,20.190217391304348,Premium Performance,"(22289.2, 45400.0]","(22289.2, 45400.0]",original_record_retained,reviewed_valid_retained,normalized-losses,1,other
16503.0,1,119.0,mercury,gas,turbo,two,hatchback,rwd,front,102.7,178.4,68.0,54.8,2910,ohc,four,140,mpfi,3.78,3.12,8.0,175.0,5000.0,19,24,21.5,12131.2,94.30285714285715,10.604132581954795,1.25,16.62857142857143,Premium Performance,"(15208.0, 17249.2]","(15208.0, 17249.2]",original_record_retained,reviewed_valid_retained,normalized-losses,1,other
5389.0,2,161.0,mitsubishi,gas,std,two,hatchback,fwd,front,93.7,157.3,64.4,50.8,1918,ohc,four,92,2bbl,2.97,3.23,9.4,68.0,5500.0,37,41,39.0,10130.12,79.25,12.618296529968454,0.7391304347826086,28.205882352941178,Value Efficiency,"(5117.999, 6657.0]","(5117.999, 6657.0]",original_record_retained,reviewed_valid_retained,none,0,mitsubishi
6189.0,2,161.0,mitsubishi,gas,std,two,hatchback,fwd,front,93.7,157.3,64.4,50.8,1944,ohc,four,92,2bbl,2.97,3.23,9.4,68.0,5500.0,31,38,34.5,10130.12,91.01470588235294,10.987235417676523,0.7391304347826086,28.58823529411765,Value Efficiency,"(5117.999, 6657.0]","(5117.999, 6657.0]",original_record_retained,reviewed_valid_retained,none,0,mitsubishi
6669.0,2,161.0,mitsubishi,gas,std,two,hatchback,fwd,front,93.7,157.3,64.4,50.8,2004,ohc,four,92,2bbl,2.97,3.23,9.4,68.0,5500.0,31,38,34.5,10130.12,98.07352941176471,10.196431249062828,0.7391304347826086,29.470588235294116,Value Efficiency,"(6657.0, 7298.2]","(6657.0, 7298.2]",original_record_retained,reviewed_valid_retained,none,0,mitsubishi
7689.0,1,161.0,mitsubishi,gas,turbo,two,hatchback,fwd,front,93.0,157.3,63.8,50.8,2145,ohc,four,98,spdi,3.03,3.39,7.6,102.0,5500.0,24,30,27.0,10035.74,75.38235294117646,13.265704252828716,1.0408163265306123,21.029411764705884,Budget Practical,"(7298.2, 7995.8]","(7298.2, 7995.8]",original_record_retained,reviewed_valid_retained,none,0,mitsubishi
9959.0,3,153.0,mitsubishi,gas,turbo,two,hatchback,fwd,front,96.3,173.0,65.4,49.4,2370,ohc,four,110,spdi,3.17,3.46,7.5,116.0,5500.0,23,30,26.5,11314.2,85.85344827586206,11.647755798774977,1.0545454545454545,20.43103448275862,Balanced Core,"(9036.6, 10295.0]","(9036.6, 10295.0]",original_record_retained,reviewed_valid_retained,none,0,mitsubishi
8499.0,3,153.0,mitsubishi,gas,std,two,hatchback,fwd,front,96.3,173.0,65.4,49.4,2328,ohc,four,122,2bbl,3.35,3.46,8.5,88.0,5000.0,25,32,28.5,11314.2,96.57954545454545,10.354159312860336,0.7213114754098361,26.454545454545453,Budget Practical,"(7995.8, 9036.6]","(7995.8, 9036.6]",original_record_retained,reviewed_valid_retained,none,0,mitsubishi
12629.0,3,153.0,mitsubishi,gas,turbo,two,hatchback,fwd,front,95.9,173.2,66.3,50.2,2833,ohc,four,156,spdi,3.58,3.86,7.0,145.0,5000.0,19,24,21.5,11483.159999999998,87.09655172413792,11.481510808456727,0.9294871794871795,19.53793103448276,Balanced Core,"(12350.0, 15208.0]","(12350.0, 15208.0]",original_record_retained,reviewed_valid_retained,normalized-losses,1,mitsubishi
14869.0,3,153.0,mitsubishi,gas,turbo,two,hatchback,fwd,front,95.9,173.2,66.3,50.2,2921,ohc,four,156,spdi,3.59,3.86,7.0,145.0,5000.0,19,24,21.5,11483.159999999998,102.54482758620689,9.751832672002152,0.9294871794871795,20.144827586206898,Balanced Core,"(12350.0, 15208.0]","(12350.0, 15208.0]",original_record_retained,reviewed_valid_retained,normalized-losses,1,mitsubishi
14489.0,3,153.0,mitsubishi,gas,turbo,two,hatchback,fwd,front,95.9,173.2,66.3,50.2,2926,ohc,four,156,spdi,3.59,3.86,7.0,145.0,5000.0,19,24,21.5,11483.159999999998,99.92413793103448,10.007591966319277,0.9294871794871795,20.179310344827588,Balanced Core,"(12350.0, 15208.0]","(12350.0, 15208.0]",original_record_retained,reviewed_valid_retained,normalized-losses,1,mitsubishi
6989.0,1,125.0,mitsubishi,gas,std,four,sedan,fwd,front,96.3,172.4,65.4,51.6,2365,ohc,four,122,2bbl,3.35,3.46,8.5,88.0,5000.0,25,32,28.5,11274.960000000001,79.42045454545455,12.591214766060952,0.7213114754098361,26.875,Budget Practical,"(6657.0, 7298.2]","(6657.0, 7298.2]",original_record_retained,reviewed_valid_retained,none,0,mitsubishi
8189.0,1,125.0,mitsubishi,gas,std,four,sedan,fwd,front,96.3,172.4,65.4,51.6,2405,ohc,four,122,2bbl,3.35,3.46,8.5,88.0,5000.0,25,32,28.5,11274.960000000001,93.05681818181819,10.746122847722553,0.7213114754098361,27.329545454545453,Budget Practical,"(7995.8, 9036.6]","(7995.8, 9036.6]",original_record_retained,reviewed_valid_retained,none,0,mitsubishi
9279.0,1,125.0,mitsubishi,gas,turbo,four,sedan,fwd,front,96.3,172.4,65.4,51.6,2403,ohc,four,110,spdi,3.17,3.46,7.5,116.0,5500.0,23,30,26.5,11274.960000000001,79.99137931034483,12.501347127923268,1.0545454545454545,20.71551724137931,Balanced Core,"(9036.6, 10295.0]","(9036.6, 10295.0]",original_record_retained,reviewed_valid_retained,none,0,mitsubishi
9279.0,-1,137.0,mitsubishi,gas,std,four,sedan,fwd,front,96.3,172.4,65.4,51.6,2403,ohc,four,110,spdi,3.17,3.46,7.5,116.0,5500.0,23,30,26.5,11274.960000000001,79.99137931034483,12.501347127923268,1.0545454545454545,20.71551724137931,Balanced Core,"(9036.6, 10295.0]","(9036.6, 10295.0]",original_record_retained,reviewed_valid_retained,none,0,mitsubishi
5499.0,1,128.0,nissan,gas,std,two,sedan,fwd,front,94.5,165.3,63.8,54.5,1889,ohc,four,97,2bbl,3.15,3.29,9.4,69.0,5200.0,31,37,34.0,10546.14,79.69565217391305,12.547735951991271,0.711340206185567,27.3768115942029,Value Efficiency,"(5117.999, 6657.0]","(5117.999, 6657.0]",original_record_retained,reviewed_valid_retained,none,0,nissan
7099.0,1,128.0,nissan,diesel,std,two,sedan,fwd,front,94.5,165.3,63.8,54.5,2017,ohc,four,103,idi,2.99,3.47,21.9,55.0,4800.0,45,50,47.5,10546.14,129.07272727272726,7.747570080292999,0.5339805825242718,36.67272727272727,Value Efficiency,"(6657.0, 7298.2]","(6657.0, 7298.2]",original_record_retained,reviewed_valid_retained,none,0,nissan
6649.0,1,128.0,nissan,gas,std,two,sedan,fwd,front,94.5,165.3,63.8,54.5,1918,ohc,four,97,2bbl,3.15,3.29,9.4,69.0,5200.0,31,37,34.0,10546.14,96.3623188405797,10.377500375996389,0.711340206185567,27.797101449275363,Value Efficiency,"(5117.999, 6657.0]","(5117.999, 6657.0]",original_record_retained,reviewed_valid_retained,none,0,nissan
6849.0,1,122.0,nissan,gas,std,four,sedan,fwd,front,94.5,165.3,63.8,54.5,1938,ohc,four,97,2bbl,3.15,3.29,9.4,69.0,5200.0,31,37,34.0,10546.14,99.26086956521739,10.074463425317564,0.711340206185567,28.08695652173913,Value Efficiency,"(6657.0, 7298.2]","(6657.0, 7298.2]",original_record_retained,reviewed_valid_retained,none,0,nissan
7349.0,1,103.0,nissan,gas,std,four,wagon,fwd,front,94.5,170.2,63.8,53.5,2024,ohc,four,97,2bbl,3.15,3.29,9.4,69.0,5200.0,31,37,34.0,10858.759999999998,106.5072463768116,9.389032521431487,0.711340206185567,29.333333333333332,Value Efficiency,"(7298.2, 7995.8]","(7298.2, 7995.8]",original_record_retained,reviewed_valid_retained,none,0,nissan
7299.0,1,128.0,nissan,gas,std,two,sedan,fwd,front,94.5,165.3,63.8,54.5,1951,ohc,four,97,2bbl,3.15,3.29,9.4,69.0,5200.0,31,37,34.0,10546.14,105.78260869565217,9.453349773941635,0.711340206185567,28.27536231884058,Value Efficiency,"(7298.2, 7995.8]","(7298.2, 7995.8]",original_record_retained,reviewed_valid_retained,none,0,nissan
7799.0,1,128.0,nissan,gas,std,two,hatchback,fwd,front,94.5,165.6,63.8,53.3,2028,ohc,four,97,2bbl,3.15,3.29,9.4,69.0,5200.0,31,37,34.0,10565.279999999999,113.02898550724638,8.84728811386075,0.711340206185567,29.391304347826086,Budget Practical,"(7298.2, 7995.8]","(7298.2, 7995.8]",original_record_retained,reviewed_valid_retained,none,0,nissan
7499.0,1,122.0,nissan,gas,std,four,sedan,fwd,front,94.5,165.3,63.8,54.5,1971,ohc,four,97,2bbl,3.15,3.29,9.4,69.0,5200.0,31,37,34.0,10546.14,108.68115942028986,9.201226830244034,0.711340206185567,28.565217391304348,Value Efficiency,"(7298.2, 7995.8]","(7298.2, 7995.8]",original_record_retained,reviewed_valid_retained,none,0,nissan
7999.0,1,103.0,nissan,gas,std,four,wagon,fwd,front,94.5,170.2,63.8,53.5,2037,ohc,four,97,2bbl,3.15,3.29,9.4,69.0,5200.0,31,37,34.0,10858.759999999998,115.92753623188406,8.626078259782473,0.711340206185567,29.52173913043478,Budget Practical,"(7995.8, 9036.6]","(7995.8, 9036.6]",original_record_retained,reviewed_valid_retained,none,0,nissan
8249.0,2,168.0,nissan,gas,std,two,hardtop,fwd,front,95.1,162.4,63.8,53.3,2008,ohc,four,97,2bbl,3.15,3.29,9.4,69.0,5200.0,31,37,34.0,10361.12,119.55072463768116,8.364650260637653,0.711340206185567,29.10144927536232,Budget Practical,"(7995.8, 9036.6]","(7995.8, 9036.6]",original_record_retained,reviewed_valid_retained,none,0,nissan
8949.0,0,106.0,nissan,gas,std,four,hatchback,fwd,front,97.2,173.4,65.2,54.7,2324,ohc,four,120,2bbl,3.33,3.47,8.5,97.0,5200.0,27,34,30.5,11305.68,92.25773195876289,10.839199910604536,0.8083333333333333,23.95876288659794,Budget Practical,"(7995.8, 9036.6]","(7995.8, 9036.6]",original_record_retained,reviewed_valid_retained,none,0,nissan
9549.0,0,106.0,nissan,gas,std,four,sedan,fwd,front,97.2,173.4,65.2,54.7,2302,ohc,four,120,2bbl,3.33,3.47,8.5,97.0,5200.0,27,34,30.5,11305.68,98.44329896907216,10.158131741543617,0.8083333333333333,23.7319587628866,Budget Practical,"(9036.6, 10295.0]","(9036.6, 10295.0]",original_record_retained,reviewed_valid_retained,none,0,nissan
13499.0,0,128.0,nissan,gas,std,four,sedan,fwd,front,100.4,181.7,66.5,55.1,3095,ohcv,six,181,mpfi,3.43,3.27,9.0,152.0,5200.0,17,22,19.5,12083.05,88.8092105263158,11.260093340247426,0.8397790055248618,20.361842105263158,Balanced Core,"(12350.0, 15208.0]","(12350.0, 15208.0]",original_record_retained,reviewed_valid_retained,none,0,nissan
14399.0,0,108.0,nissan,gas,std,four,wagon,fwd,front,100.4,184.6,66.5,56.1,3296,ohcv,six,181,mpfi,3.43,3.27,9.0,152.0,5200.0,17,22,19.5,12275.9,94.73026315789474,10.556288631154942,0.8397790055248618,21.68421052631579,Balanced Core,"(12350.0, 15208.0]","(12350.0, 15208.0]",original_record_retained,reviewed_valid_retained,none,0,nissan
13499.0,0,108.0,nissan,gas,std,four,sedan,fwd,front,100.4,184.6,66.5,55.1,3060,ohcv,six,181,mpfi,3.43,3.27,9.0,152.0,5200.0,19,25,22.0,12275.9,88.8092105263158,11.260093340247426,0.8397790055248618,20.13157894736842,Balanced Core,"(12350.0, 15208.0]","(12350.0, 15208.0]",original_record_retained,reviewed_valid_retained,none,0,nissan
17199.0,3,194.0,nissan,gas,std,two,hatchback,rwd,front,91.3,170.7,67.9,49.7,3071,ohcv,six,181,mpfi,3.43,3.27,9.0,160.0,5200.0,19,25,22.0,11590.53,107.49375,9.302866445723588,0.8839779005524862,19.19375,Premium Performance,"(15208.0, 17249.2]","(15208.0, 17249.2]",original_record_retained,reviewed_valid_retained,none,0,nissan
19699.0,3,194.0,nissan,gas,turbo,two,hatchback,rwd,front,91.3,170.7,67.9,49.7,3139,ohcv,six,181,mpfi,3.43,3.27,7.8,200.0,5200.0,17,23,20.0,11590.53,98.495,10.152799634499212,1.1049723756906078,15.695,Premium Performance,"(17249.2, 22289.2]","(17249.2, 22289.2]",original_record_retained,reviewed_valid_retained,none,0,nissan
18399.0,1,231.0,nissan,gas,std,two,hatchback,rwd,front,99.2,178.5,67.9,49.7,3139,ohcv,six,181,mpfi,3.43,3.27,9.0,160.0,5200.0,19,25,22.0,12120.150000000001,114.99375,8.696124789390728,0.8839779005524862,19.61875,Premium Performance,"(17249.2, 22289.2]","(17249.2, 22289.2]",original_record_retained,reviewed_valid_retained,none,0,nissan
11900.0,0,161.0,peugot,gas,std,four,sedan,rwd,front,107.9,186.7,68.4,56.7,3020,l,four,120,mpfi,3.46,3.19,8.4,97.0,5000.0,19,24,21.5,12770.28,122.68041237113403,8.15126050420168,0.8083333333333333,31.1340206185567,Balanced Core,"(10295.0, 12350.0]","(10295.0, 12350.0]",original_record_retained,reviewed_valid_retained,none,0,peugot
13200.0,0,161.0,peugot,diesel,turbo,four,sedan,rwd,front,107.9,186.7,68.4,56.7,3197,l,four,152,idi,3.7,3.52,21.0,95.0,4150.0,28,33,30.5,12770.28,138.94736842105263,7.196969696969697,0.625,33.65263157894737,Balanced Core,"(12350.0, 15208.0]","(12350.0, 15208.0]",original_record_retained,reviewed_valid_retained,none,0,peugot
12440.0,0,161.0,peugot,gas,std,four,wagon,rwd,front,114.2,198.9,68.4,58.7,3230,l,four,120,mpfi,3.46,3.19,8.4,97.0,5000.0,19,24,21.5,13604.760000000002,128.24742268041237,7.797427652733119,0.8083333333333333,33.29896907216495,Balanced Core,"(12350.0, 15208.0]","(12350.0, 15208.0]",original_record_retained,reviewed_valid_retained,normalized-losses,1,peugot
13860.0,0,161.0,peugot,diesel,turbo,four,wagon,rwd,front,114.2,198.9,68.4,58.7,3430,l,four,152,idi,3.7,3.52,21.0,95.0,4150.0,25,25,25.0,13604.760000000002,145.89473684210526,6.854256854256854,0.625,36.10526315789474,Balanced Core,"(12350.0, 15208.0]","(12350.0, 15208.0]",original_record_retained,reviewed_valid_retained,normalized-losses,1,peugot
15580.0,0,161.0,peugot,gas,std,four,sedan,rwd,front,107.9,186.7,68.4,56.7,3075,l,four,120,mpfi,3.46,2.19,8.4,95.0,5000.0,19,24,21.5,12770.28,164.0,6.097560975609756,0.7916666666666666,32.36842105263158,Balanced Core,"(15208.0, 17249.2]","(15208.0, 17249.2]",original_record_retained,reviewed_valid_retained,none,0,peugot
16900.0,0,161.0,peugot,diesel,turbo,four,sedan,rwd,front,107.9,186.7,68.4,56.7,3252,l,four,152,idi,3.7,3.52,21.0,95.0,4150.0,28,33,30.5,12770.28,177.89473684210526,5.621301775147929,0.625,34.23157894736842,Balanced Core,"(15208.0, 17249.2]","(15208.0, 17249.2]",original_record_retained,reviewed_valid_retained,none,0,peugot
16695.0,0,161.0,peugot,gas,std,four,wagon,rwd,front,114.2,198.9,68.4,56.7,3285,l,four,120,mpfi,3.46,2.19,8.4,95.0,5000.0,19,24,21.5,13604.760000000002,175.73684210526315,5.690326445043427,0.7916666666666666,34.578947368421055,Balanced Core,"(15208.0, 17249.2]","(15208.0, 17249.2]",original_record_retained,reviewed_valid_retained,normalized-losses,1,peugot
17075.0,0,161.0,peugot,diesel,turbo,four,wagon,rwd,front,114.2,198.9,68.4,58.7,3485,l,four,152,idi,3.7,3.52,21.0,95.0,4150.0,25,25,25.0,13604.760000000002,179.73684210526315,5.563689604685212,0.625,36.68421052631579,Balanced Core,"(15208.0, 17249.2]","(15208.0, 17249.2]",original_record_retained,reviewed_valid_retained,normalized-losses,1,peugot
16630.0,0,161.0,peugot,gas,std,four,sedan,rwd,front,107.9,186.7,68.4,56.7,3075,l,four,120,mpfi,3.46,3.19,8.4,97.0,5000.0,19,24,21.5,12770.28,171.44329896907217,5.832832230907997,0.8083333333333333,31.701030927835053,Balanced Core,"(15208.0, 17249.2]","(15208.0, 17249.2]",original_record_retained,reviewed_valid_retained,none,0,peugot
17950.0,0,161.0,peugot,diesel,turbo,four,sedan,rwd,front,107.9,186.7,68.4,56.7,3252,l,four,152,idi,3.7,3.52,21.0,95.0,4150.0,28,33,30.5,12770.28,188.94736842105263,5.2924791086350975,0.625,34.23157894736842,Balanced Core,"(17249.2, 22289.2]","(17249.2, 22289.2]",original_record_retained,reviewed_valid_retained,none,0,peugot
18150.0,0,161.0,peugot,gas,turbo,four,sedan,rwd,front,108.0,186.7,68.3,56.0,3130,l,four,134,mpfi,3.61,3.21,7.0,142.0,5600.0,18,24,21.0,12751.609999999999,127.8169014084507,7.823691460055097,1.0597014925373134,22.04225352112676,Premium Performance,"(17249.2, 22289.2]","(17249.2, 22289.2]",original_record_retained,reviewed_valid_retained,none,0,peugot
5572.0,1,119.0,plymouth,gas,std,two,hatchback,fwd,front,93.7,157.3,63.8,50.8,1918,ohc,four,90,2bbl,2.97,3.23,9.4,68.0,5500.0,37,41,39.0,10035.74,81.94117647058823,12.203876525484565,0.7555555555555555,28.205882352941178,Value Efficiency,"(5117.999, 6657.0]","(5117.999, 6657.0]",original_record_retained,reviewed_valid_retained,none,0,other
7957.0,1,119.0,plymouth,gas,turbo,two,hatchback,fwd,front,93.7,157.3,63.8,50.8,2128,ohc,four,98,spdi,3.03,3.39,7.6,102.0,5500.0,24,30,27.0,10035.74,78.00980392156863,12.818901596078925,1.0408163265306123,20.862745098039216,Budget Practical,"(7298.2, 7995.8]","(7298.2, 7995.8]",original_record_retained,reviewed_valid_retained,none,0,other
6229.0,1,154.0,plymouth,gas,std,four,hatchback,fwd,front,93.7,157.3,63.8,50.6,1967,ohc,four,90,2bbl,2.97,3.23,9.4,68.0,5500.0,31,38,34.5,10035.74,91.6029411764706,10.916680044951036,0.7555555555555555,28.926470588235293,Value Efficiency,"(5117.999, 6657.0]","(5117.999, 6657.0]",original_record_retained,reviewed_valid_retained,none,0,other
6692.0,1,154.0,plymouth,gas,std,four,sedan,fwd,front,93.7,167.3,63.8,50.8,1989,ohc,four,90,2bbl,2.97,3.23,9.4,68.0,5500.0,31,38,34.5,10673.74,98.41176470588235,10.161386730424388,0.7555555555555555,29.25,Value Efficiency,"(6657.0, 7298.2]","(6657.0, 7298.2]",original_record_retained,reviewed_valid_retained,none,0,other
7609.0,1,154.0,plymouth,gas,std,four,sedan,fwd,front,93.7,167.3,63.8,50.8,2191,ohc,four,98,2bbl,2.97,3.23,9.4,68.0,5500.0,31,38,34.5,10673.74,111.8970588235294,8.936785385727429,0.6938775510204082,32.220588235294116,Value Efficiency,"(7298.2, 7995.8]","(7298.2, 7995.8]",original_record_retained,reviewed_valid_retained,none,0,other
8921.0,-1,74.0,plymouth,gas,std,four,wagon,fwd,front,103.3,174.6,64.6,59.8,2535,ohc,four,122,2bbl,3.35,3.46,8.5,88.0,5000.0,24,30,27.0,11279.159999999998,101.375,9.864364981504316,0.7213114754098361,28.806818181818183,Budget Practical,"(7995.8, 9036.6]","(7995.8, 9036.6]",original_record_retained,reviewed_valid_retained,none,0,other
12764.0,3,136.5,plymouth,gas,turbo,two,hatchback,rwd,front,95.9,173.2,66.3,50.2,2818,ohc,four,156,spdi,3.59,3.86,7.0,145.0,5000.0,19,24,21.5,11483.159999999998,88.02758620689656,11.360075211532434,0.9294871794871795,19.43448275862069,Balanced Core,"(12350.0, 15208.0]","(12350.0, 15208.0]",original_record_retained,reviewed_valid_retained,normalized-losses,1,other
22018.0,3,186.0,porsche,gas,std,two,hatchback,rwd,front,94.5,168.9,68.3,50.2,2778,ohc,four,151,mpfi,3.94,3.11,9.5,143.0,5500.0,19,27,23.0,11535.87,153.97202797202797,6.494686165864294,0.9470198675496688,19.426573426573427,Premium Performance,"(17249.2, 22289.2]","(17249.2, 22289.2]",original_record_retained,reviewed_valid_retained,none,0,other
32528.0,3,186.0,porsche,gas,std,two,hardtop,rwd,rear,89.5,168.9,65.0,51.6,2756,ohcf,six,194,mpfi,3.74,2.9,9.5,207.0,5900.0,17,25,21.0,10978.5,157.1400966183575,6.363748155435317,1.0670103092783505,13.31400966183575,Premium Performance,"(22289.2, 45400.0]","(22289.2, 45400.0]",original_record_retained,reviewed_valid_retained,normalized-losses,1,other
34028.0,3,186.0,porsche,gas,std,two,hardtop,rwd,rear,89.5,168.9,65.0,51.6,2756,ohcf,six,194,mpfi,3.74,2.9,9.5,207.0,5900.0,17,25,21.0,10978.5,164.38647342995168,6.083225578934995,1.0670103092783505,13.31400966183575,Premium Performance,"(22289.2, 45400.0]","(22289.2, 45400.0]",original_record_retained,reviewed_valid_retained,normalized-losses,1,other
37028.0,3,186.0,porsche,gas,std,two,convertible,rwd,rear,89.5,168.9,65.0,51.6,2800,ohcf,six,194,mpfi,3.74,2.9,9.5,207.0,5900.0,17,25,21.0,10978.5,178.87922705314008,5.590364048827914,1.0670103092783505,13.526570048309178,Premium Performance,"(22289.2, 45400.0]","(22289.2, 45400.0]",original_record_retained,reviewed_valid_retained,normalized-losses,1,other
22018.0,1,186.0,porsche,gas,std,two,hatchback,rwd,front,98.4,175.7,72.3,50.5,3366,dohcv,eight,203,mpfi,3.94,3.11,10.0,288.0,5750.0,17,28,22.5,12703.109999999999,76.45138888888889,13.080207103279136,1.4187192118226601,11.6875,Premium Performance,"(17249.2, 22289.2]","(17249.2, 22289.2]",original_record_retained,reviewed_valid_retained,"price, normalized-losses",2,other
9295.0,0,119.0,renault,gas,std,four,wagon,fwd,front,96.1,181.5,66.5,55.2,2579,ohc,four,132,mpfi,3.46,3.9,8.7,82.0,5100.0,23,31,27.0,12069.75,113.35365853658537,8.821947283485745,0.6212121212121212,31.451219512195124,Budget Practical,"(9036.6, 10295.0]","(9036.6, 10295.0]",original_record_retained,reviewed_valid_retained,"normalized-losses, horsepower, peak-rpm",3,other
9895.0,2,119.0,renault,gas,std,two,hatchback,fwd,front,96.1,176.8,66.6,50.5,2460,ohc,four,132,mpfi,3.46,3.9,8.7,82.0,5100.0,23,31,27.0,11774.88,120.67073170731707,8.287013643254168,0.6212121212121212,30.0,Budget Practical,"(9036.6, 10295.0]","(9036.6, 10295.0]",original_record_retained,reviewed_valid_retained,"normalized-losses, horsepower, peak-rpm",3,other
11850.0,3,150.0,saab,gas,std,two,hatchback,fwd,front,99.1,186.6,66.5,56.1,2658,ohc,four,121,mpfi,3.54,3.07,9.31,110.0,5250.0,21,28,24.5,12408.9,107.72727272727273,9.282700421940929,0.9090909090909091,24.163636363636364,Balanced Core,"(10295.0, 12350.0]","(10295.0, 12350.0]",original_record_retained,reviewed_valid_retained,none,0,other
12170.0,2,104.0,saab,gas,std,four,sedan,fwd,front,99.1,186.6,66.5,56.1,2695,ohc,four,121,mpfi,3.54,3.07,9.3,110.0,5250.0,21,28,24.5,12408.9,110.63636363636364,9.03861955628595,0.9090909090909091,24.5,Balanced Core,"(10295.0, 12350.0]","(10295.0, 12350.0]",original_record_retained,reviewed_valid_retained,none,0,other
15040.0,3,150.0,saab,gas,std,two,hatchback,fwd,front,99.1,186.6,66.5,56.1,2707,ohc,four,121,mpfi,2.54,2.07,9.3,110.0,5250.0,21,28,24.5,12408.9,136.72727272727272,7.3138297872340425,0.9090909090909091,24.60909090909091,Balanced Core,"(12350.0, 15208.0]","(12350.0, 15208.0]",original_record_retained,reviewed_valid_retained,none,0,other
15510.0,2,104.0,saab,gas,std,four,sedan,fwd,front,99.1,186.6,66.5,56.1,2758,ohc,four,121,mpfi,3.54,3.07,9.3,110.0,5250.0,21,28,24.5,12408.9,141.0,7.092198581560283,0.9090909090909091,25.072727272727274,Balanced Core,"(15208.0, 17249.2]","(15208.0, 17249.2]",original_record_retained,reviewed_valid_retained,none,0,other
18150.0,3,150.0,saab,gas,turbo,two,hatchback,fwd,front,99.1,186.6,66.5,56.1,2808,dohc,four,121,mpfi,3.54,3.07,9.0,160.0,5500.0,19,26,22.5,12408.9,113.4375,8.815426997245178,1.322314049586777,17.55,Premium Performance,"(17249.2, 22289.2]","(17249.2, 22289.2]",original_record_retained,reviewed_valid_retained,none,0,other
18620.0,2,104.0,saab,gas,turbo,four,sedan,fwd,front,99.1,186.6,66.5,56.1,2847,dohc,four,121,mpfi,3.54,3.07,9.0,160.0,5500.0,19,26,22.5,12408.9,116.375,8.592910848549947,1.322314049586777,17.79375,Premium Performance,"(17249.2, 22289.2]","(17249.2, 22289.2]",original_record_retained,reviewed_valid_retained,none,0,other
5118.0,2,83.0,subaru,gas,std,two,hatchback,fwd,front,93.7,156.9,63.4,53.7,2050,ohcf,four,97,2bbl,3.62,2.36,9.0,69.0,4900.0,31,36,33.5,9947.460000000001,74.17391304347827,13.481828839390387,0.711340206185567,29.71014492753623,Value Efficiency,"(5117.999, 6657.0]","(5117.999, 6657.0]",original_record_retained,reviewed_valid_retained,none,0,subaru
7053.0,2,83.0,subaru,gas,std,two,hatchback,fwd,front,93.7,157.9,63.6,53.7,2120,ohcf,four,108,2bbl,3.62,2.64,8.7,73.0,4400.0,26,31,28.5,10042.44,96.61643835616438,10.350205586275344,0.6759259259259259,29.041095890410958,Budget Practical,"(6657.0, 7298.2]","(6657.0, 7298.2]",original_record_retained,reviewed_valid_retained,none,0,subaru
7603.0,2,83.0,subaru,gas,std,two,hatchback,4wd,front,93.3,157.3,63.8,55.7,2240,ohcf,four,108,2bbl,3.62,2.64,8.7,73.0,4400.0,26,31,28.5,10035.74,104.15068493150685,9.60147310272261,0.6759259259259259,30.684931506849313,Budget Practical,"(7298.2, 7995.8]","(7298.2, 7995.8]",original_record_retained,reviewed_valid_retained,none,0,subaru
7126.0,0,102.0,subaru,gas,std,four,sedan,fwd,front,97.2,172.0,65.4,52.5,2145,ohcf,four,108,2bbl,3.62,2.64,9.5,82.0,4800.0,32,37,34.5,11248.800000000001,86.90243902439025,11.507156890261015,0.7592592592592593,26.158536585365855,Value Efficiency,"(6657.0, 7298.2]","(6657.0, 7298.2]",original_record_retained,reviewed_valid_retained,none,0,subaru
7775.0,0,102.0,subaru,gas,std,four,sedan,fwd,front,97.2,172.0,65.4,52.5,2190,ohcf,four,108,2bbl,3.62,2.64,9.5,82.0,4400.0,28,33,30.5,11248.800000000001,94.8170731707317,10.546623794212218,0.7592592592592593,26.70731707317073,Budget Practical,"(7298.2, 7995.8]","(7298.2, 7995.8]",original_record_retained,reviewed_valid_retained,none,0,subaru
9960.0,0,102.0,subaru,gas,std,four,sedan,fwd,front,97.2,172.0,65.4,52.5,2340,ohcf,four,108,mpfi,3.62,2.64,9.0,94.0,5200.0,26,32,29.0,11248.800000000001,105.95744680851064,9.437751004016064,0.8703703703703703,24.893617021276597,Budget Practical,"(9036.6, 10295.0]","(9036.6, 10295.0]",original_record_retained,reviewed_valid_retained,none,0,subaru
9233.0,0,102.0,subaru,gas,std,four,sedan,4wd,front,97.0,172.0,65.4,54.3,2385,ohcf,four,108,2bbl,3.62,2.64,9.0,82.0,4800.0,24,25,24.5,11248.800000000001,112.59756097560975,8.88118704646377,0.7592592592592593,29.085365853658537,Balanced Core,"(9036.6, 10295.0]","(9036.6, 10295.0]",original_record_retained,reviewed_valid_retained,none,0,subaru
11259.0,0,102.0,subaru,gas,turbo,four,sedan,4wd,front,97.0,172.0,65.4,54.3,2510,ohcf,four,108,mpfi,3.62,2.64,7.7,111.0,4800.0,24,29,26.5,11248.800000000001,101.43243243243244,9.858779642952305,1.0277777777777777,22.61261261261261,Balanced Core,"(10295.0, 12350.0]","(10295.0, 12350.0]",original_record_retained,reviewed_valid_retained,none,0,subaru
7463.0,0,89.0,subaru,gas,std,four,wagon,fwd,front,97.0,173.5,65.4,53.0,2290,ohcf,four,108,2bbl,3.62,2.64,9.0,82.0,4800.0,28,32,30.0,11346.900000000001,91.01219512195122,10.987538523382018,0.7592592592592593,27.926829268292682,Budget Practical,"(7298.2, 7995.8]","(7298.2, 7995.8]",original_record_retained,reviewed_valid_retained,none,0,subaru
10198.0,0,89.0,subaru,gas,std,four,wagon,fwd,front,97.0,173.5,65.4,53.0,2455,ohcf,four,108,mpfi,3.62,2.64,9.0,94.0,5200.0,25,31,28.0,11346.900000000001,108.48936170212765,9.217493626201216,0.8703703703703703,26.117021276595743,Budget Practical,"(9036.6, 10295.0]","(9036.6, 10295.0]",original_record_retained,reviewed_valid_retained,none,0,subaru
8013.0,0,85.0,subaru,gas,std,four,wagon,4wd,front,96.9,173.6,65.4,54.9,2420,ohcf,four,108,2bbl,3.62,2.64,9.0,82.0,4800.0,23,29,26.0,11353.44,97.71951219512195,10.233370772494695,0.7592592592592593,29.51219512195122,Balanced Core,"(7995.8, 9036.6]","(7995.8, 9036.6]",original_record_retained,reviewed_valid_retained,none,0,subaru
11694.0,0,85.0,subaru,gas,turbo,four,wagon,4wd,front,96.9,173.6,65.4,54.9,2650,ohcf,four,108,mpfi,3.62,2.64,7.7,111.0,4800.0,23,23,23.0,11353.44,105.35135135135135,9.492047203694202,1.0277777777777777,23.873873873873872,Balanced Core,"(10295.0, 12350.0]","(10295.0, 12350.0]",original_record_retained,reviewed_valid_retained,none,0,subaru
5348.0,1,87.0,toyota,gas,std,two,hatchback,fwd,front,95.7,158.7,63.6,54.5,1985,ohc,four,92,2bbl,3.05,3.03,9.0,62.0,4800.0,35,39,37.0,10093.32,86.25806451612904,11.593118922961855,0.6739130434782609,32.016129032258064,Value Efficiency,"(5117.999, 6657.0]","(5117.999, 6657.0]",original_record_retained,reviewed_valid_retained,none,0,toyota
6338.0,1,87.0,toyota,gas,std,two,hatchback,fwd,front,95.7,158.7,63.6,54.5,2040,ohc,four,92,2bbl,3.05,3.03,9.0,62.0,4800.0,31,38,34.5,10093.32,102.2258064516129,9.782265698958662,0.6739130434782609,32.903225806451616,Value Efficiency,"(5117.999, 6657.0]","(5117.999, 6657.0]",original_record_retained,reviewed_valid_retained,none,0,toyota
6488.0,1,74.0,toyota,gas,std,four,hatchback,fwd,front,95.7,158.7,63.6,54.5,2015,ohc,four,92,2bbl,3.05,3.03,9.0,62.0,4800.0,31,38,34.5,10093.32,104.64516129032258,9.556103575832305,0.6739130434782609,32.5,Value Efficiency,"(5117.999, 6657.0]","(5117.999, 6657.0]",original_record_retained,reviewed_valid_retained,none,0,toyota
6918.0,0,77.0,toyota,gas,std,four,wagon,fwd,front,95.7,169.7,63.6,59.1,2280,ohc,four,92,2bbl,3.05,3.03,9.0,62.0,4800.0,31,37,34.0,10792.92,111.58064516129032,8.962127782596125,0.6739130434782609,36.774193548387096,Value Efficiency,"(6657.0, 7298.2]","(6657.0, 7298.2]",original_record_retained,reviewed_valid_retained,none,0,toyota
7898.0,0,81.0,toyota,gas,std,four,wagon,4wd,front,95.7,169.7,63.6,59.1,2290,ohc,four,92,2bbl,3.05,3.03,9.0,62.0,4800.0,27,32,29.5,10792.92,127.38709677419355,7.85008863003292,0.6739130434782609,36.935483870967744,Budget Practical,"(7298.2, 7995.8]","(7298.2, 7995.8]",original_record_retained,reviewed_valid_retained,none,0,toyota
8778.0,0,91.0,toyota,gas,std,four,wagon,4wd,front,95.7,169.7,63.6,59.1,3110,ohc,four,92,2bbl,3.05,3.03,9.0,62.0,4800.0,27,32,29.5,10792.92,141.58064516129033,7.063112326270221,0.6739130434782609,50.16129032258065,Budget Practical,"(7995.8, 9036.6]","(7995.8, 9036.6]",original_record_retained,reviewed_valid_retained,none,0,toyota
6938.0,0,91.0,toyota,gas,std,four,sedan,fwd,front,95.7,166.3,64.4,53.0,2081,ohc,four,98,2bbl,3.19,3.03,9.0,70.0,4800.0,30,37,33.5,10709.720000000001,99.11428571428571,10.089362928797925,0.7142857142857143,29.728571428571428,Value Efficiency,"(6657.0, 7298.2]","(6657.0, 7298.2]",original_record_retained,reviewed_valid_retained,none,0,toyota
7198.0,0,91.0,toyota,gas,std,four,hatchback,fwd,front,95.7,166.3,64.4,52.8,2109,ohc,four,98,2bbl,3.19,3.03,9.0,70.0,4800.0,30,37,33.5,10709.720000000001,102.82857142857142,9.72492358988608,0.7142857142857143,30.12857142857143,Value Efficiency,"(6657.0, 7298.2]","(6657.0, 7298.2]",original_record_retained,reviewed_valid_retained,none,0,toyota
7898.0,0,91.0,toyota,diesel,std,four,sedan,fwd,front,95.7,166.3,64.4,53.0,2275,ohc,four,110,idi,3.27,3.35,22.5,56.0,4500.0,34,36,35.0,10709.720000000001,141.03571428571428,7.090402633578122,0.509090909090909,40.625,Budget Practical,"(7298.2, 7995.8]","(7298.2, 7995.8]",original_record_retained,reviewed_valid_retained,none,0,toyota
7788.0,0,91.0,toyota,diesel,std,four,hatchback,fwd,front,95.7,166.3,64.4,52.8,2275,ohc,four,110,idi,3.27,3.35,22.5,56.0,4500.0,38,47,42.5,10709.720000000001,139.07142857142858,7.1905495634309196,0.509090909090909,40.625,Budget Practical,"(7298.2, 7995.8]","(7298.2, 7995.8]",original_record_retained,reviewed_valid_retained,none,0,toyota
7738.0,0,91.0,toyota,gas,std,four,sedan,fwd,front,95.7,166.3,64.4,53.0,2094,ohc,four,98,2bbl,3.19,3.03,9.0,70.0,4800.0,38,47,42.5,10709.720000000001,110.54285714285714,9.046265184802273,0.7142857142857143,29.914285714285715,Value Efficiency,"(7298.2, 7995.8]","(7298.2, 7995.8]",original_record_retained,reviewed_valid_retained,none,0,toyota
8358.0,0,91.0,toyota,gas,std,four,hatchback,fwd,front,95.7,166.3,64.4,52.8,2122,ohc,four,98,2bbl,3.19,3.03,9.0,70.0,4800.0,28,34,31.0,10709.720000000001,119.4,8.375209380234505,0.7142857142857143,30.314285714285713,Budget Practical,"(7995.8, 9036.6]","(7995.8, 9036.6]",original_record_retained,reviewed_valid_retained,none,0,toyota
9258.0,0,91.0,toyota,gas,std,four,sedan,fwd,front,95.7,166.3,64.4,52.8,2140,ohc,four,98,2bbl,3.19,3.03,9.0,70.0,4800.0,28,34,31.0,10709.720000000001,132.25714285714287,7.56102829984878,0.7142857142857143,30.571428571428573,Budget Practical,"(9036.6, 10295.0]","(9036.6, 10295.0]",original_record_retained,reviewed_valid_retained,none,0,toyota
8058.0,1,168.0,toyota,gas,std,two,sedan,rwd,front,94.5,168.7,64.0,52.6,2169,ohc,four,98,2bbl,3.19,3.03,9.0,70.0,4800.0,29,34,31.5,10796.8,115.11428571428571,8.687019111442046,0.7142857142857143,30.985714285714284,Budget Practical,"(7995.8, 9036.6]","(7995.8, 9036.6]",original_record_retained,reviewed_valid_retained,none,0,toyota
8238.0,1,168.0,toyota,gas,std,two,hatchback,rwd,front,94.5,168.7,64.0,52.6,2204,ohc,four,98,2bbl,3.19,3.03,9.0,70.0,4800.0,29,34,31.5,10796.8,117.68571428571428,8.497208060208788,0.7142857142857143,31.485714285714284,Budget Practical,"(7995.8, 9036.6]","(7995.8, 9036.6]",original_record_retained,reviewed_valid_retained,none,0,toyota
9298.0,1,168.0,toyota,gas,std,two,sedan,rwd,front,94.5,168.7,64.0,52.6,2265,dohc,four,98,mpfi,3.24,3.08,9.4,112.0,6600.0,26,29,27.5,10796.8,83.01785714285714,12.04560120456012,1.1428571428571428,20.223214285714285,Budget Practical,"(9036.6, 10295.0]","(9036.6, 10295.0]",original_record_retained,reviewed_valid_retained,none,0,toyota
9538.0,1,168.0,toyota,gas,std,two,hatchback,rwd,front,94.5,168.7,64.0,52.6,2300,dohc,four,98,mpfi,3.24,3.08,9.4,112.0,6600.0,26,29,27.5,10796.8,85.16071428571429,11.742503669532397,1.1428571428571428,20.535714285714285,Budget Practical,"(9036.6, 10295.0]","(9036.6, 10295.0]",original_record_retained,reviewed_valid_retained,none,0,toyota
8449.0,2,134.0,toyota,gas,std,two,hardtop,rwd,front,98.4,176.2,65.6,52.0,2540,ohc,four,146,mpfi,3.62,3.5,9.3,116.0,4800.0,24,30,27.0,11558.719999999998,72.83620689655173,13.72943543614629,0.7945205479452054,21.896551724137932,Budget Practical,"(7995.8, 9036.6]","(7995.8, 9036.6]",original_record_retained,reviewed_valid_retained,none,0,toyota
9639.0,2,134.0,toyota,gas,std,two,hardtop,rwd,front,98.4,176.2,65.6,52.0,2536,ohc,four,146,mpfi,3.62,3.5,9.3,116.0,4800.0,24,30,27.0,11558.719999999998,83.09482758620689,12.034443406992427,0.7945205479452054,21.862068965517242,Budget Practical,"(9036.6, 10295.0]","(9036.6, 10295.0]",original_record_retained,reviewed_valid_retained,none,0,toyota
9989.0,2,134.0,toyota,gas,std,two,hatchback,rwd,front,98.4,176.2,65.6,52.0,2551,ohc,four,146,mpfi,3.62,3.5,9.3,116.0,4800.0,24,30,27.0,11558.719999999998,86.11206896551724,11.612774051456602,0.7945205479452054,21.99137931034483,Budget Practical,"(9036.6, 10295.0]","(9036.6, 10295.0]",original_record_retained,reviewed_valid_retained,none,0,toyota
11199.0,2,134.0,toyota,gas,std,two,hardtop,rwd,front,98.4,176.2,65.6,52.0,2679,ohc,four,146,mpfi,3.62,3.5,9.3,116.0,4800.0,24,30,27.0,11558.719999999998,96.54310344827586,10.3580676846147,0.7945205479452054,23.094827586206897,Balanced Core,"(10295.0, 12350.0]","(10295.0, 12350.0]",original_record_retained,reviewed_valid_retained,none,0,toyota
11549.0,2,134.0,toyota,gas,std,two,hatchback,rwd,front,98.4,176.2,65.6,52.0,2714,ohc,four,146,mpfi,3.62,3.5,9.3,116.0,4800.0,24,30,27.0,11558.719999999998,99.5603448275862,10.04415966750368,0.7945205479452054,23.396551724137932,Balanced Core,"(10295.0, 12350.0]","(10295.0, 12350.0]",original_record_retained,reviewed_valid_retained,none,0,toyota
17669.0,2,134.0,toyota,gas,std,two,convertible,rwd,front,98.4,176.2,65.6,53.0,2975,ohc,four,146,mpfi,3.62,3.5,9.3,116.0,4800.0,24,30,27.0,11558.719999999998,152.31896551724137,6.565170637840286,0.7945205479452054,25.646551724137932,Premium Performance,"(17249.2, 22289.2]","(17249.2, 22289.2]",original_record_retained,reviewed_valid_retained,none,0,toyota
8948.0,-1,65.0,toyota,gas,std,four,sedan,fwd,front,102.4,175.6,66.5,54.9,2326,ohc,four,122,mpfi,3.31,3.54,8.7,92.0,4200.0,29,34,31.5,11677.4,97.26086956521739,10.281627179257935,0.7540983606557377,25.282608695652176,Budget Practical,"(7995.8, 9036.6]","(7995.8, 9036.6]",original_record_retained,reviewed_valid_retained,none,0,toyota
10698.0,-1,65.0,toyota,diesel,turbo,four,sedan,fwd,front,102.4,175.6,66.5,54.9,2480,ohc,four,110,idi,3.27,3.35,22.5,73.0,4500.0,30,33,31.5,11677.4,146.54794520547946,6.823705365488876,0.6636363636363637,33.97260273972603,Balanced Core,"(10295.0, 12350.0]","(10295.0, 12350.0]",original_record_retained,reviewed_valid_retained,none,0,toyota
9988.0,-1,65.0,toyota,gas,std,four,hatchback,fwd,front,102.4,175.6,66.5,53.9,2414,ohc,four,122,mpfi,3.31,3.54,8.7,92.0,4200.0,27,32,29.5,11677.4,108.56521739130434,9.2110532639167,0.7540983606557377,26.23913043478261,Budget Practical,"(9036.6, 10295.0]","(9036.6, 10295.0]",original_record_retained,reviewed_valid_retained,none,0,toyota
10898.0,-1,65.0,toyota,gas,std,four,sedan,fwd,front,102.4,175.6,66.5,54.9,2414,ohc,four,122,mpfi,3.31,3.54,8.7,92.0,4200.0,27,32,29.5,11677.4,118.45652173913044,8.441915947880345,0.7540983606557377,26.23913043478261,Balanced Core,"(10295.0, 12350.0]","(10295.0, 12350.0]",original_record_retained,reviewed_valid_retained,none,0,toyota
11248.0,-1,65.0,toyota,gas,std,four,hatchback,fwd,front,102.4,175.6,66.5,53.9,2458,ohc,four,122,mpfi,3.31,3.54,8.7,92.0,4200.0,27,32,29.5,11677.4,122.26086956521739,8.17923186344239,0.7540983606557377,26.717391304347824,Balanced Core,"(10295.0, 12350.0]","(10295.0, 12350.0]",original_record_retained,reviewed_valid_retained,none,0,toyota
16558.0,3,197.0,toyota,gas,std,two,hatchback,rwd,front,102.9,183.5,67.7,52.0,2976,dohc,six,171,mpfi,3.27,3.35,9.3,161.0,5200.0,20,24,22.0,12422.95,102.84472049689441,9.723396545476506,0.9415204678362573,18.48447204968944,Premium Performance,"(15208.0, 17249.2]","(15208.0, 17249.2]",original_record_retained,reviewed_valid_retained,none,0,toyota
15998.0,3,197.0,toyota,gas,std,two,hatchback,rwd,front,102.9,183.5,67.7,52.0,3016,dohc,six,171,mpfi,3.27,3.35,9.3,161.0,5200.0,19,24,21.5,12422.95,99.36645962732919,10.063757969746218,0.9415204678362573,18.732919254658384,Balanced Core,"(15208.0, 17249.2]","(15208.0, 17249.2]",original_record_retained,reviewed_valid_retained,none,0,toyota
15690.0,-1,90.0,toyota,gas,std,four,sedan,rwd,front,104.5,187.8,66.5,54.1,3131,dohc,six,171,mpfi,3.27,3.35,9.2,156.0,5200.0,20,24,22.0,12488.7,100.57692307692308,9.94263862332696,0.9122807017543859,20.07051282051282,Balanced Core,"(15208.0, 17249.2]","(15208.0, 17249.2]",original_record_retained,reviewed_valid_retained,none,0,toyota
15750.0,-1,91.0,toyota,gas,std,four,wagon,rwd,front,104.5,187.8,66.5,54.1,3151,dohc,six,161,mpfi,3.27,3.35,9.2,156.0,5200.0,19,24,21.5,12488.7,100.96153846153847,9.904761904761903,0.968944099378882,20.19871794871795,Balanced Core,"(15208.0, 17249.2]","(15208.0, 17249.2]",original_record_retained,reviewed_valid_retained,normalized-losses,1,toyota
7775.0,2,122.0,volkswagen,diesel,std,two,sedan,fwd,front,97.3,171.7,65.5,55.7,2261,ohc,four,97,idi,3.01,3.4,23.0,52.0,4800.0,37,46,41.5,11246.349999999999,149.51923076923077,6.688102893890676,0.5360824742268041,43.48076923076923,Value Efficiency,"(7298.2, 7995.8]","(7298.2, 7995.8]",original_record_retained,reviewed_valid_retained,none,0,volkswagen
7975.0,2,122.0,volkswagen,gas,std,two,sedan,fwd,front,97.3,171.7,65.5,55.7,2209,ohc,four,109,mpfi,3.19,3.4,9.0,85.0,5250.0,27,34,30.5,11246.349999999999,93.82352941176471,10.65830721003135,0.7798165137614679,25.988235294117647,Budget Practical,"(7298.2, 7995.8]","(7298.2, 7995.8]",original_record_retained,reviewed_valid_retained,none,0,volkswagen
7995.0,2,94.0,volkswagen,diesel,std,four,sedan,fwd,front,97.3,171.7,65.5,55.7,2264,ohc,four,97,idi,3.01,3.4,23.0,52.0,4800.0,37,46,41.5,11246.349999999999,153.75,6.504065040650406,0.5360824742268041,43.53846153846154,Budget Practical,"(7298.2, 7995.8]","(7298.2, 7995.8]",original_record_retained,reviewed_valid_retained,none,0,volkswagen
8195.0,2,94.0,volkswagen,gas,std,four,sedan,fwd,front,97.3,171.7,65.5,55.7,2212,ohc,four,109,mpfi,3.19,3.4,9.0,85.0,5250.0,27,34,30.5,11246.349999999999,96.41176470588235,10.372178157413057,0.7798165137614679,26.023529411764706,Budget Practical,"(7995.8, 9036.6]","(7995.8, 9036.6]",original_record_retained,reviewed_valid_retained,none,0,volkswagen
8495.0,2,94.0,volkswagen,gas,std,four,sedan,fwd,front,97.3,171.7,65.5,55.7,2275,ohc,four,109,mpfi,3.19,3.4,9.0,85.0,5250.0,27,34,30.5,11246.349999999999,99.94117647058823,10.005885815185403,0.7798165137614679,26.764705882352942,Budget Practical,"(7995.8, 9036.6]","(7995.8, 9036.6]",original_record_retained,reviewed_valid_retained,none,0,volkswagen
9495.0,2,94.0,volkswagen,diesel,turbo,four,sedan,fwd,front,97.3,171.7,65.5,55.7,2319,ohc,four,97,idi,3.01,3.4,23.0,68.0,4500.0,37,42,39.5,11246.349999999999,139.63235294117646,7.161664033701948,0.7010309278350515,34.10294117647059,Budget Practical,"(9036.6, 10295.0]","(9036.6, 10295.0]",original_record_retained,reviewed_valid_retained,none,0,volkswagen
9995.0,2,94.0,volkswagen,gas,std,four,sedan,fwd,front,97.3,171.7,65.5,55.7,2300,ohc,four,109,mpfi,3.19,3.4,10.0,100.0,5500.0,26,32,29.0,11246.349999999999,99.95,10.005002501250624,0.9174311926605505,23.0,Budget Practical,"(9036.6, 10295.0]","(9036.6, 10295.0]",original_record_retained,reviewed_valid_retained,none,0,volkswagen
11595.0,3,94.0,volkswagen,gas,std,two,convertible,fwd,front,94.5,159.3,64.2,55.6,2254,ohc,four,109,mpfi,3.19,3.4,8.5,90.0,5500.0,24,29,26.5,10227.060000000001,128.83333333333334,7.7619663648124195,0.8256880733944955,25.044444444444444,Balanced Core,"(10295.0, 12350.0]","(10295.0, 12350.0]",original_record_retained,reviewed_valid_retained,normalized-losses,1,volkswagen
9980.0,3,256.0,volkswagen,gas,std,two,hatchback,fwd,front,94.5,165.7,64.0,51.4,2221,ohc,four,109,mpfi,3.19,3.4,8.5,90.0,5500.0,24,29,26.5,10604.8,110.88888888888889,9.01803607214429,0.8256880733944955,24.677777777777777,Balanced Core,"(9036.6, 10295.0]","(9036.6, 10295.0]",original_record_retained,reviewed_valid_retained,none,0,volkswagen
13295.0,0,94.0,volkswagen,gas,std,four,sedan,fwd,front,100.4,180.2,66.9,55.1,2661,ohc,five,136,mpfi,3.19,3.4,8.5,110.0,5500.0,19,24,21.5,12055.380000000001,120.86363636363636,8.273787138021811,0.8088235294117647,24.19090909090909,Balanced Core,"(12350.0, 15208.0]","(12350.0, 15208.0]",original_record_retained,reviewed_valid_retained,normalized-losses,1,volkswagen
13845.0,0,94.0,volkswagen,diesel,turbo,four,sedan,fwd,front,100.4,180.2,66.9,55.1,2579,ohc,four,97,idi,3.01,3.4,23.0,68.0,4500.0,33,38,35.5,12055.380000000001,203.60294117647058,4.911520404478151,0.7010309278350515,37.9264705882353,Balanced Core,"(12350.0, 15208.0]","(12350.0, 15208.0]",original_record_retained,reviewed_valid_retained,normalized-losses,1,volkswagen
12290.0,0,94.0,volkswagen,gas,std,four,wagon,fwd,front,100.4,183.1,66.9,55.1,2563,ohc,four,109,mpfi,3.19,3.4,9.0,88.0,5500.0,25,31,28.0,12249.390000000001,139.6590909090909,7.160292921074044,0.8073394495412844,29.125,Balanced Core,"(10295.0, 12350.0]","(10295.0, 12350.0]",original_record_retained,reviewed_valid_retained,normalized-losses,1,volkswagen
12940.0,-2,103.0,volvo,gas,std,four,sedan,rwd,front,104.3,188.8,67.2,56.2,2912,ohc,four,141,mpfi,3.78,3.15,9.5,114.0,5400.0,23,28,25.5,12687.36,113.50877192982456,8.809891808346213,0.8085106382978723,25.54385964912281,Balanced Core,"(12350.0, 15208.0]","(12350.0, 15208.0]",original_record_retained,reviewed_valid_retained,none,0,other
13415.0,-1,74.0,volvo,gas,std,four,wagon,rwd,front,104.3,188.8,67.2,57.5,3034,ohc,four,141,mpfi,3.78,3.15,9.5,114.0,5400.0,23,28,25.5,12687.36,117.67543859649123,8.497950055907566,0.8085106382978723,26.614035087719298,Balanced Core,"(12350.0, 15208.0]","(12350.0, 15208.0]",original_record_retained,reviewed_valid_retained,none,0,other
15985.0,-2,103.0,volvo,gas,std,four,sedan,rwd,front,104.3,188.8,67.2,56.2,2935,ohc,four,141,mpfi,3.78,3.15,9.5,114.0,5400.0,24,28,26.0,12687.36,140.21929824561403,7.131685955583359,0.8085106382978723,25.74561403508772,Balanced Core,"(15208.0, 17249.2]","(15208.0, 17249.2]",original_record_retained,reviewed_valid_retained,none,0,other
16515.0,-1,74.0,volvo,gas,std,four,wagon,rwd,front,104.3,188.8,67.2,57.5,3042,ohc,four,141,mpfi,3.78,3.15,9.5,114.0,5400.0,24,28,26.0,12687.36,144.8684210526316,6.902815622161671,0.8085106382978723,26.68421052631579,Balanced Core,"(15208.0, 17249.2]","(15208.0, 17249.2]",original_record_retained,reviewed_valid_retained,none,0,other
18420.0,-2,103.0,volvo,gas,turbo,four,sedan,rwd,front,104.3,188.8,67.2,56.2,3045,ohc,four,130,mpfi,3.62,3.15,7.5,162.0,5100.0,17,22,19.5,12687.36,113.70370370370371,8.794788273615636,1.2461538461538462,18.796296296296298,Premium Performance,"(17249.2, 22289.2]","(17249.2, 22289.2]",original_record_retained,reviewed_valid_retained,none,0,other
18950.0,-1,74.0,volvo,gas,turbo,four,wagon,rwd,front,104.3,188.8,67.2,57.5,3157,ohc,four,130,mpfi,3.62,3.15,7.5,162.0,5100.0,17,22,19.5,12687.36,116.9753086419753,8.54881266490765,1.2461538461538462,19.487654320987655,Premium Performance,"(17249.2, 22289.2]","(17249.2, 22289.2]",original_record_retained,reviewed_valid_retained,none,0,other
16845.0,-1,95.0,volvo,gas,std,four,sedan,rwd,front,109.1,188.8,68.9,55.5,2952,ohc,four,141,mpfi,3.78,3.15,9.5,114.0,5400.0,23,28,25.5,13008.320000000002,147.76315789473685,6.767586821015137,0.8085106382978723,25.894736842105264,Balanced Core,"(15208.0, 17249.2]","(15208.0, 17249.2]",original_record_retained,reviewed_valid_retained,none,0,other
19045.0,-1,95.0,volvo,gas,turbo,four,sedan,rwd,front,109.1,188.8,68.8,55.5,3049,ohc,four,141,mpfi,3.78,3.15,8.7,160.0,5300.0,19,25,22.0,12989.44,119.03125,8.40115515883434,1.1347517730496455,19.05625,Premium Performance,"(17249.2, 22289.2]","(17249.2, 22289.2]",original_record_retained,reviewed_valid_retained,none,0,other
21485.0,-1,95.0,volvo,gas,std,four,sedan,rwd,front,109.1,188.8,68.9,55.5,3012,ohcv,six,173,mpfi,3.58,2.87,8.8,134.0,5500.0,18,23,20.5,13008.320000000002,160.33582089552237,6.236909471724458,0.7745664739884393,22.47761194029851,Premium Performance,"(17249.2, 22289.2]","(17249.2, 22289.2]",original_record_retained,reviewed_valid_retained,none,0,other
22470.0,-1,95.0,volvo,diesel,turbo,four,sedan,rwd,front,109.1,188.8,68.9,55.5,3217,ohc,six,145,idi,3.01,3.4,23.0,106.0,4800.0,26,27,26.5,13008.320000000002,211.9811320754717,4.717400979083222,0.7310344827586207,30.349056603773583,Balanced Core,"(22289.2, 45400.0]","(22289.2, 45400.0]",original_record_retained,reviewed_valid_retained,none,0,other
22625.0,-1,95.0,volvo,gas,turbo,four,sedan,rwd,front,109.1,188.8,68.9,55.5,3062,ohc,four,141,mpfi,3.78,3.15,9.5,114.0,5400.0,19,25,22.0,13008.320000000002,198.46491228070175,5.038674033149171,0.8085106382978723,26.859649122807017,Balanced Core,"(22289.2, 45400.0]","(22289.2, 45400.0]",original_record_retained,reviewed_valid_retained,none,0,other
